{
  "benchmark_metadata": {
    "iterations_per_test": 10000,
    "timestamp": 1756605623.257918,
    "python_version": "3.12"
  },
  "standard_logging": {
    "info": {
      "name": "standard_logging_info",
      "iterations": 10000,
      "total_time_seconds": 0.0007990510785020888,
      "average_time_microseconds": 0.07990510785020888,
      "min_time_microseconds": 0.04099274519830942,
      "max_time_microseconds": 0.29199873097240925,
      "p50_microseconds": 0.08399365469813347,
      "p95_microseconds": 0.12500095181167126,
      "p99_microseconds": 0.12500095181167126,
      "operations_per_second": 12514844.50624374
    },
    "error": {
      "name": "standard_logging_error",
      "iterations": 10000,
      "total_time_seconds": 0.0007724109382252209,
      "average_time_microseconds": 0.07724109382252209,
      "min_time_microseconds": 0.041000021155923605,
      "max_time_microseconds": 0.20899460650980473,
      "p50_microseconds": 0.08300412446260452,
      "p95_microseconds": 0.08400093065574765,
      "p99_microseconds": 0.12500095181167126,
      "operations_per_second": 12946476.42222304
    }
  },
  "structured_logging": {
    "info": {
      "name": "structured_logging_info",
      "iterations": 10000,
      "total_time_seconds": 0.0015521108216489665,
      "average_time_microseconds": 0.15521108216489665,
      "min_time_microseconds": 0.08299684850499034,
      "max_time_microseconds": 0.4160028765909374,
      "p50_microseconds": 0.16600097296759486,
      "p95_microseconds": 0.2079978003166616,
      "p99_microseconds": 0.2090018824674189,
      "operations_per_second": 6442838.913638894
    },
    "error": {
      "name": "structured_logging_error",
      "iterations": 10000,
      "total_time_seconds": 0.0015545669957646169,
      "average_time_microseconds": 0.1554566995764617,
      "min_time_microseconds": 0.08299684850499034,
      "max_time_microseconds": 10.58299676515162,
      "p50_microseconds": 0.16600097296759486,
      "p95_microseconds": 0.2079978003166616,
      "p99_microseconds": 0.24999462766572833,
      "operations_per_second": 6432659.40113535
    }
  },
  "correlation_id_overhead": {
    "with_correlation_id": {
      "name": "structured_logging_with_correlation_id",
      "iterations": 10000,
      "total_time_seconds": 0.0014699019520776346,
      "average_time_microseconds": 0.14699019520776346,
      "min_time_microseconds": 0.08299684850499034,
      "max_time_microseconds": 0.24999462766572833,
      "p50_microseconds": 0.16599369700998068,
      "p95_microseconds": 0.16700505511835217,
      "p99_microseconds": 0.16700505511835217,
      "operations_per_second": 6803174.855210912
    },
    "without_correlation_id": {
      "name": "structured_logging_without_correlation_id",
      "iterations": 10000,
      "total_time_seconds": 0.0012003143419860862,
      "average_time_microseconds": 0.12003143419860862,
      "min_time_microseconds": 0.041996827349066734,
      "max_time_microseconds": 13.500000932253897,
      "p50_microseconds": 0.12500095181167126,
      "p95_microseconds": 0.16600097296759486,
      "p99_microseconds": 0.16700505511835217,
      "operations_per_second": 8331150.974546897
    },
    "overhead_microseconds": 0.02695876100915484
  },
  "message_formatting": {
    "old_string_format": {
      "name": "old_string_format",
      "iterations": 10000,
      "total_time_seconds": 0.0009863317536655813,
      "average_time_microseconds": 0.09863317536655813,
      "min_time_microseconds": 0.041000021155923605,
      "max_time_microseconds": 0.29199873097240925,
      "p50_microseconds": 0.08300412446260452,
      "p95_microseconds": 0.12500095181167126,
      "p99_microseconds": 0.12500095181167126,
      "operations_per_second": 10138576.561928807
    },
    "f_string_format": {
      "name": "f_string_format",
      "iterations": 10000,
      "total_time_seconds": 0.001405104048899375,
      "average_time_microseconds": 0.1405104048899375,
      "min_time_microseconds": 0.08299684850499034,
      "max_time_microseconds": 10.333998943679035,
      "p50_microseconds": 0.12500095181167126,
      "p95_microseconds": 0.16700505511835217,
      "p99_microseconds": 0.16700505511835217,
      "operations_per_second": 7116910.671372024
    },
    "structured_format": {
      "name": "structured_format",
      "iterations": 10000,
      "total_time_seconds": 0.0012463482562452555,
      "average_time_microseconds": 0.12463482562452555,
      "min_time_microseconds": 0.08299684850499034,
      "max_time_microseconds": 0.2910019247792661,
      "p50_microseconds": 0.12500095181167126,
      "p95_microseconds": 0.166997779160738,
      "p99_microseconds": 0.16700505511835217,
      "operations_per_second": 8023439.636467231
    }
  },
  "performance_comparison": {
    "info_logging": {
      "standard_ops_per_sec": 12514844.50624374,
      "structured_ops_per_sec": 6442838.913638894,
      "performance_ratio": 0.5148157382558385,
      "performance_impact_percent": 48.518426174416156
    },
    "error_logging": {
      "standard_ops_per_sec": 12946476.42222304,
      "structured_ops_per_sec": 6432659.40113535,
      "performance_ratio": 0.4968656483314243,
      "performance_impact_percent": 50.313435166857566
    },
    "overall_assessment": {
      "acceptable_impact": false,
      "recommendation": "INVESTIGATE"
    }
  }
}